[
  {
    "code": "ABQ",
    "name": "Albuquerque International",
    "country_name": "United States"
  },
  {
    "code": "ACV",
    "name": "Arcata",
    "country_name": "United States"
  },
  {
    "code": "ANC",
    "name": "Ted Stevens Anchorage International Airport",
    "country_name": "United States"
  },
  {
    "code": "VOL",
    "name": "Nea Anchialos",
    "country_name": "Greece"
  },
  {
    "code": "ZUD",
    "name": "Ancud",
    "country_name": "Chile"
  },
  {
    "code": "OTS",
    "name": "Anacortes",
    "country_name": "United States"
  },
  {
    "code": "AOI",
    "name": "Falconara",
    "country_name": "Italy"
  },
  {
    "code": "ASE",
    "name": "Aspen",
    "country_name": "United States"
  },
  {
    "code": "AEK",
    "name": "Aseki",
    "country_name": "Papua New Guinea"
  },
  {
    "code": "ALK",
    "name": "Asela",
    "country_name": "Ethiopia"
  },
  {
    "code": "ATL",
    "name": "Hartsfield-jackson Atlanta International",
    "country_name": "United States"
  },
  {
    "code": "NTE",
    "name": "Nantes Atlantique",
    "country_name": "France"
  },
  {
    "code": "ACY",
    "name": "Atlantic City International",
    "country_name": "United States"
  },
  {
    "code": "NCQ",
    "name": "Atlanta NAS",
    "country_name": "United States"
  },
  {
    "code": "ZRA",
    "name": "Atlantic City Railway Station",
    "country_name": "United States"
  },
  {
    "code": "AUS",
    "name": "Austin-bergstrom International",
    "country_name": "United States"
  },
  {
    "code": "ASQ",
    "name": "Austin",
    "country_name": "United States"
  },
  {
    "code": "GRB",
    "name": "Austin-straubel Field",
    "country_name": "United States"
  },
  {
    "code": "AUM",
    "name": "Austin",
    "country_name": "United States"
  },
  {
    "code": "AWP",
    "name": "Austral Downs",
    "country_name": "Australia"
  },
  {
    "code": "BDL",
    "name": "Bradley International",
    "country_name": "United States"
  },
  {
    "code": "BFL",
    "name": "Meadows Field",
    "country_name": "United States"
  },
  {
    "code": "BNA",
    "name": "Nashville International",
    "country_name": "United States"
  },
  {
    "code": "BOI",
    "name": "Boise Air Terminal/Gowen Field",
    "country_name": "United States"
  },
  {
    "code": "ABJ",
    "name": "Felix Houphouet Boigny",
    "country_name": "Ivory Coast"
  },
  {
    "code": "DUJ",
    "name": "Du Bois-Jefferson County",
    "country_name": "United States"
  },
  {
    "code": "ASH",
    "name": "Boire Field",
    "country_name": "United States"
  },
  {
    "code": "GIC",
    "name": "Boigu Island",
    "country_name": "Australia"
  },
  {
    "code": "BOS",
    "name": "Logan International",
    "country_name": "United States"
  },
  {
    "code": "IJU",
    "name": "J. Batista Bos Filho Airport",
    "country_name": "Brazil"
  },
  {
    "code": "BSA",
    "name": "Bossaso",
    "country_name": "Somalia"
  },
  {
    "code": "BST",
    "name": "Bost",
    "country_name": "Afghanistan"
  },
  {
    "code": "BSN",
    "name": "Bossangoa",
    "country_name": "Central African Republic"
  },
  {
    "code": "BUF",
    "name": "Buffalo Niagara International",
    "country_name": "United States"
  },
  {
    "code": "BFK",
    "name": "Buffalo Municipal Airport",
    "country_name": "United States"
  },
  {
    "code": "MBF",
    "name": "Mount Buffalo",
    "country_name": "Australia"
  },
  {
    "code": "ZFZ",
    "name": "Buffalo Depew Rr",
    "country_name": "United States"
  },
  {
    "code": "BFO",
    "name": "Buffalo Range",
    "country_name": "Zimbabwe"
  },
  {
    "code": "BUR",
    "name": "Bob Hope",
    "country_name": "United States"
  },
  {
    "code": "BFV",
    "name": "Buri Ram",
    "country_name": "Thailand"
  },
  {
    "code": "BTV",
    "name": "Burlington International",
    "country_name": "United States"
  },
  {
    "code": "BWT",
    "name": "Burnie Wynyard",
    "country_name": "Australia"
  },
  {
    "code": "BRL",
    "name": "Burlington",
    "country_name": "United States"
  },
  {
    "code": "BWI",
    "name": "Baltimore/Washington International Thurgood Marshall",
    "country_name": "United States"
  },
  {
    "code": "BZN",
    "name": "Gallatin Field",
    "country_name": "United States"
  },
  {
    "code": "CLE",
    "name": "Hopkins International",
    "country_name": "United States"
  },
  {
    "code": "CMQ",
    "name": "Clermont",
    "country_name": "Australia"
  },
  {
    "code": "PHD",
    "name": "Harry Clever Field",
    "country_name": "United States"
  },
  {
    "code": "CFE",
    "name": "Clermont/Ferrand Auvergne International (Aulnat)",
    "country_name": "France"
  },
  {
    "code": "CLD",
    "name": "Mc Clellan-Palomar Airport",
    "country_name": "United States"
  },
  {
    "code": "CLT",
    "name": "Charlotte Douglas",
    "country_name": "United States"
  },
  {
    "code": "CMH",
    "name": "Port Columbus International",
    "country_name": "United States"
  },
  {
    "code": "COS",
    "name": "Colorado Springs",
    "country_name": "United States"
  },
  {
    "code": "OLB",
    "name": "Costa Smeralda",
    "country_name": "Italy"
  },
  {
    "code": "GRO",
    "name": "Girona-Costa Brava",
    "country_name": "Spain"
  },
  {
    "code": "CQS",
    "name": "Costa Marques",
    "country_name": "Brazil"
  },
  {
    "code": "MJS",
    "name": "Maganja Da Costa",
    "country_name": "Mozambique"
  },
  {
    "code": "CVG",
    "name": "Cincinnati/Northern Kentucky",
    "country_name": "United States"
  },
  {
    "code": "DAL",
    "name": "Love Field",
    "country_name": "United States"
  },
  {
    "code": "DFW",
    "name": "Dallas/Fort Worth International",
    "country_name": "United States"
  },
  {
    "code": "DLM",
    "name": "Dalaman",
    "country_name": "Turkey"
  },
  {
    "code": "DBA",
    "name": "Dalbandin",
    "country_name": "Pakistan"
  },
  {
    "code": "DLZ",
    "name": "Dalanzadgad",
    "country_name": "Mongolia"
  },
  {
    "code": "DCA",
    "name": "Ronald Reagan Washington National Airport",
    "country_name": "United States"
  },
  {
    "code": "DEN",
    "name": "Denver International",
    "country_name": "United States"
  },
  {
    "code": "DHR",
    "name": "De Kooy/Den Helder Airport",
    "country_name": "Netherlands"
  },
  {
    "code": "DNM",
    "name": "Denham",
    "country_name": "Australia"
  },
  {
    "code": "DNQ",
    "name": "Deniliquin",
    "country_name": "Australia"
  },
  {
    "code": "DEI",
    "name": "Denis Island",
    "country_name": "Seychelles"
  },
  {
    "code": "DFW",
    "name": "Dallas/Fort Worth International",
    "country_name": "United States"
  },
  {
    "code": "DTW",
    "name": "Detroit Metropolitan Wayne County",
    "country_name": "United States"
  },
  {
    "code": "EGE",
    "name": "Eagle County",
    "country_name": "United States"
  },
  {
    "code": "EGX",
    "name": "Egegik",
    "country_name": "United States"
  },
  {
    "code": "XRD",
    "name": "Egersund Railway Station",
    "country_name": "Norway"
  },
  {
    "code": "ELP",
    "name": "El Paso International Airport",
    "country_name": "United States"
  },
  {
    "code": "EUG",
    "name": "Eugene",
    "country_name": "United States"
  },
  {
    "code": "MAZ",
    "name": "Eugenio M De Hostos",
    "country_name": "Puerto Rico"
  },
  {
    "code": "EWR",
    "name": "Newark Liberty International",
    "country_name": "United States"
  },
  {
    "code": "FAT",
    "name": "Fresno Air Terminal Airport",
    "country_name": "United States"
  },
  {
    "code": "EFB",
    "name": "Eight Fathom Bight",
    "country_name": "United States"
  },
  {
    "code": "BKS",
    "name": "Padangkemiling",
    "country_name": "Indonesia"
  },
  {
    "code": "FCA",
    "name": "Glacier Park International",
    "country_name": "United States"
  },
  {
    "code": "FLL",
    "name": "Fort Lauderdale–Hollywood International",
    "country_name": "United States"
  },
  {
    "code": "GEG",
    "name": "Spokane International",
    "country_name": "United States"
  },
  {
    "code": "HDN",
    "name": "Yampa Valley",
    "country_name": "United States"
  },
  {
    "code": "HNL",
    "name": "Honolulu International",
    "country_name": "United States"
  },
  {
    "code": "HOU",
    "name": "William P Hobby",
    "country_name": "United States"
  },
  {
    "code": "HOE",
    "name": "Houeisay",
    "country_name": "Laos"
  },
  {
    "code": "YLH",
    "name": "Lansdowne House",
    "country_name": "Canada"
  },
  {
    "code": "ALG",
    "name": "Houari Boumediene",
    "country_name": "Algeria"
  },
  {
    "code": "YNE",
    "name": "Norway House",
    "country_name": "Canada"
  },
  {
    "code": "IAD",
    "name": "Washington Dulles International",
    "country_name": "United States"
  },
  {
    "code": "IAH",
    "name": "George Bush Intercontinental",
    "country_name": "United States"
  },
  {
    "code": "IND",
    "name": "Indianapolis International",
    "country_name": "United States"
  },
  {
    "code": "DEL",
    "name": "Indira Gandhi International",
    "country_name": "India"
  },
  {
    "code": "SHC",
    "name": "Indaselassie",
    "country_name": "Ethiopia"
  },
  {
    "code": "INB",
    "name": "Independence",
    "country_name": "Belize"
  },
  {
    "code": "XSI",
    "name": "South Indian Lake",
    "country_name": "Canada"
  },
  {
    "code": "ITO",
    "name": "Hilo International",
    "country_name": "United States"
  },
  {
    "code": "ITK",
    "name": "Itokama",
    "country_name": "Papua New Guinea"
  },
  {
    "code": "JAC",
    "name": "Jackson Hole",
    "country_name": "United States"
  },
  {
    "code": "ATL",
    "name": "Hartsfield-jackson Atlanta International",
    "country_name": "United States"
  },
  {
    "code": "JAN",
    "name": "Jackson-evers",
    "country_name": "United States"
  },
  {
    "code": "JAX",
    "name": "Jacksonville,",
    "country_name": "United States"
  },
  {
    "code": "RNS",
    "name": "St Jacques",
    "country_name": "France"
  },
  {
    "code": "JFK",
    "name": "John F Kennedy International",
    "country_name": "United States"
  },
  {
    "code": "KOA",
    "name": "Kona International Airport",
    "country_name": "United States"
  },
  {
    "code": "LAS",
    "name": "Mc Carran International",
    "country_name": "United States"
  },
  {
    "code": "SDQ",
    "name": "Aeropuerto de las Américas",
    "country_name": "Dominican Republic"
  },
  {
    "code": "VTU",
    "name": "Las Tunas",
    "country_name": "Cuba"
  },
  {
    "code": "VER",
    "name": "Las Bajadas",
    "country_name": "Mexico"
  },
  {
    "code": "SFD",
    "name": "Las Flecheras",
    "country_name": "Venezuela"
  },
  {
    "code": "LAX",
    "name": "Los Angeles International",
    "country_name": "United States"
  },
  {
    "code": "LGB",
    "name": "Long Beach Municipal",
    "country_name": "United States"
  },
  {
    "code": "LIH",
    "name": "Lihue",
    "country_name": "United States"
  },
  {
    "code": "LNV",
    "name": "Lihir Island",
    "country_name": "Papua New Guinea"
  },
  {
    "code": "MCI",
    "name": "Kansas City International Airport",
    "country_name": "United States"
  },
  {
    "code": "MCO",
    "name": "Orlando International",
    "country_name": "United States"
  },
  {
    "code": "MDW",
    "name": "Midway",
    "country_name": "United States"
  },
  {
    "code": "MEM",
    "name": "Memphis International",
    "country_name": "United States"
  },
  {
    "code": "FMM",
    "name": "Memmingen-Allgäu",
    "country_name": "Germany"
  },
  {
    "code": "ORV",
    "name": "Curtis Memorial",
    "country_name": "United States"
  },
  {
    "code": "MMB",
    "name": "Memanbetsu",
    "country_name": "Japan"
  },
  {
    "code": "HOT",
    "name": "Memorial Field",
    "country_name": "United States"
  },
  {
    "code": "MFR",
    "name": "Rogue Valley International - Medford Airport",
    "country_name": "United States"
  },
  {
    "code": "MIA",
    "name": "Miami International Airport",
    "country_name": "United States"
  },
  {
    "code": "MIG",
    "name": "Mian Yang",
    "country_name": "China"
  },
  {
    "code": "OXD",
    "name": "Miami University",
    "country_name": "United States"
  },
  {
    "code": "JDM",
    "name": "Miami Downtown Heliport",
    "country_name": "United States"
  },
  {
    "code": "MPB",
    "name": "Miami Sea Plane Base",
    "country_name": "United States"
  },
  {
    "code": "MKE",
    "name": "General Mitchell International",
    "country_name": "United States"
  },
  {
    "code": "MMH",
    "name": "Mammoth Lakes",
    "country_name": "United States"
  },
  {
    "code": "MRY",
    "name": "Monterey Peninsula",
    "country_name": "United States"
  },
  {
    "code": "MSP",
    "name": "Minneapolis - St. Paul International",
    "country_name": "United States"
  },
  {
    "code": "MSY",
    "name": "Louis Armstrong New Orléans International Airport",
    "country_name": "United States"
  },
  {
    "code": "MTJ",
    "name": "Montrose Regional Airport",
    "country_name": "United States"
  },
  {
    "code": "OAK",
    "name": "Metropolitan Oak International",
    "country_name": "United States"
  },
  {
    "code": "ODW",
    "name": "Oak Harbor",
    "country_name": "United States"
  },
  {
    "code": "OKY",
    "name": "Oakey",
    "country_name": "Australia"
  },
  {
    "code": "OBT",
    "name": "Oakland/Coliseum Stat",
    "country_name": "United States"
  },
  {
    "code": "XOK",
    "name": "Oakville Railway Station",
    "country_name": "Canada"
  },
  {
    "code": "OGG",
    "name": "Kahului",
    "country_name": "United States"
  },
  {
    "code": "OKC",
    "name": "Will Rogers World Airport",
    "country_name": "United States"
  },
  {
    "code": "OMA",
    "name": "Eppley Airfield",
    "country_name": "United States"
  },
  {
    "code": "ONT",
    "name": "Ontario International",
    "country_name": "United States"
  },
  {
    "code": "ONO",
    "name": "Ontario Municipal Airport",
    "country_name": "United States"
  },
  {
    "code": "ORD",
    "name": "Chicago O'hare International",
    "country_name": "United States"
  },
  {
    "code": "ODR",
    "name": "Ord River",
    "country_name": "Australia"
  },
  {
    "code": "KZO",
    "name": "Kzyl-Orda",
    "country_name": "Kazakhstan"
  },
  {
    "code": "PZO",
    "name": "Puerto Ordaz",
    "country_name": "Venezuela"
  },
  {
    "code": "PVR",
    "name": "Licenciado Gustavo Díaz Ordaz International",
    "country_name": "Mexico"
  },
  {
    "code": "OTH",
    "name": "North Bend",
    "country_name": "United States"
  },
  {
    "code": "WAW",
    "name": "Frederic Chopin",
    "country_name": "Poland"
  },
  {
    "code": "MEX",
    "name": "Internacional Benito Juarez",
    "country_name": "Mexico"
  },
  {
    "code": "PDX",
    "name": "Portland International",
    "country_name": "United States"
  },
  {
    "code": "PHL",
    "name": "Philadelphia International",
    "country_name": "United States"
  },
  {
    "code": "PHX",
    "name": "Sky Harbor International",
    "country_name": "United States"
  },
  {
    "code": "PIT",
    "name": "Pittsburgh International",
    "country_name": "United States"
  },
  {
    "code": "PGV",
    "name": "Pitt-Greenville",
    "country_name": "United States"
  },
  {
    "code": "THU",
    "name": "Pituffik",
    "country_name": "Greenland"
  },
  {
    "code": "PSF",
    "name": "Pittsfield",
    "country_name": "United States"
  },
  {
    "code": "OTI",
    "name": "Pitu",
    "country_name": "Indonesia"
  },
  {
    "code": "PSC",
    "name": "Tri-cities",
    "country_name": "United States"
  },
  {
    "code": "PSP",
    "name": "Palm Springs Metropolitan Area",
    "country_name": "United States"
  },
  {
    "code": "RDD",
    "name": "Redding",
    "country_name": "United States"
  },
  {
    "code": "RDM",
    "name": "Roberts Field",
    "country_name": "United States"
  },
  {
    "code": "RDU",
    "name": "Raleigh-durham International Airport",
    "country_name": "United States"
  },
  {
    "code": "RNO",
    "name": "Reno-Tahoe International",
    "country_name": "United States"
  },
  {
    "code": "SAN",
    "name": "San Diego International Airport",
    "country_name": "United States"
  },
  {
    "code": "SGS",
    "name": "Sanga Sanga",
    "country_name": "Philippines"
  },
  {
    "code": "SCY",
    "name": "San Cristobal",
    "country_name": "Ecuador"
  },
  {
    "code": "SPR",
    "name": "San Pedro",
    "country_name": "Belize"
  },
  {
    "code": "SFO",
    "name": "San Francisco International",
    "country_name": "United States"
  },
  {
    "code": "SAT",
    "name": "San Antonio International",
    "country_name": "United States"
  },
  {
    "code": "SUJ",
    "name": "Satu Mare",
    "country_name": "Romania"
  },
  {
    "code": "IXJ",
    "name": "Satwari",
    "country_name": "India"
  },
  {
    "code": "SWG",
    "name": "Satwag",
    "country_name": "Papua New Guinea"
  },
  {
    "code": "TNI",
    "name": "Satna",
    "country_name": "India"
  },
  {
    "code": "SBA",
    "name": "Santa Barbara Metropolitan Area",
    "country_name": "United States"
  },
  {
    "code": "SBP",
    "name": "San Luis County Regional Airport",
    "country_name": "United States"
  },
  {
    "code": "SEA",
    "name": "Seattle-Tacoma International",
    "country_name": "United States"
  },
  {
    "code": "MPB",
    "name": "Miami Sea Plane Base",
    "country_name": "United States"
  },
  {
    "code": "BVD",
    "name": "Sea Port",
    "country_name": "United States"
  },
  {
    "code": "LHB",
    "name": "Lost Harbor Sea Port",
    "country_name": "United States"
  },
  {
    "code": "SYB",
    "name": "Seal Bay",
    "country_name": "United States"
  },
  {
    "code": "SFO",
    "name": "San Francisco International",
    "country_name": "United States"
  },
  {
    "code": "SJC",
    "name": "Mineta San Jose International Airport",
    "country_name": "United States"
  },
  {
    "code": "SLC",
    "name": "Salt Lake City International",
    "country_name": "United States"
  },
  {
    "code": "SMF",
    "name": "Sacramento International",
    "country_name": "United States"
  },
  {
    "code": "SNA",
    "name": "John Wayne",
    "country_name": "United States"
  },
  {
    "code": "YFJ",
    "name": "Snare Lake",
    "country_name": "Canada"
  },
  {
    "code": "XUS",
    "name": "Snartemo Railway Station",
    "country_name": "Norway"
  },
  {
    "code": "YXF",
    "name": "Snake River",
    "country_name": "Canada"
  },
  {
    "code": "SNB",
    "name": "Snake Bay",
    "country_name": "Australia"
  },
  {
    "code": "STL",
    "name": "Lambert-St. Louis International",
    "country_name": "United States"
  },
  {
    "code": "SUN",
    "name": "Sun Valley",
    "country_name": "United States"
  },
  {
    "code": "MZF",
    "name": "Mzamba(Wild Coast Sun)",
    "country_name": "South Africa"
  },
  {
    "code": "SUO",
    "name": "Sun River",
    "country_name": "United States"
  },
  {
    "code": "SMT",
    "name": "Sun Moon Lake",
    "country_name": "Taiwan"
  },
  {
    "code": "TSA",
    "name": "Taipei Songshan (Sung Shan)",
    "country_name": "Taiwan"
  },
  {
    "code": "TPA",
    "name": "Tampa International",
    "country_name": "United States"
  },
  {
    "code": "TUS",
    "name": "Tucson International Airport",
    "country_name": "United States"
  },
  {
    "code": "TZC",
    "name": "Tuscola Area",
    "country_name": "United States"
  },
  {
    "code": "TWF",
    "name": "Joslin Field - Magic Valley Regional",
    "country_name": "United States"
  },
  {
    "code": "XNA",
    "name": "Northwest Arkansas Regional",
    "country_name": "United States"
  }
]